<?xml version="1.0" encoding="UTF-8"?>
<GenRun Id="synth_1" LaunchPart="xc7a100tcsg324-1" LaunchTime="1654346661">
  <File Type="PA-TCL" Name="toplevel.tcl"/>
  <File Type="RDS-PROPCONSTRS" Name="toplevel_drc_synth.rpt"/>
  <File Type="REPORTS-TCL" Name="toplevel_reports.tcl"/>
  <File Type="RDS-RDS" Name="toplevel.vds"/>
  <File Type="RDS-UTIL" Name="toplevel_utilization_synth.rpt"/>
  <File Type="RDS-UTIL-PB" Name="toplevel_utilization_synth.pb"/>
  <File Type="RDS-DCP" Name="toplevel.dcp"/>
  <File Type="VDS-TIMINGSUMMARY" Name="toplevel_timing_summary_synth.rpt"/>
  <File Type="VDS-TIMING-PB" Name="toplevel_timing_summary_synth.pb"/>
  <FileSet Name="sources" Type="DesignSrcs" RelSrcDir="$PSRCDIR/sources_1">
    <Filter Type="Srcs"/>
    <File Path="$PPRDIR/../../../../3° Período/Circuitos Lógicos/Laboratório 5/mux4_1.vhd">
      <FileInfo>
        <Attr Name="UsedIn" Val="synthesis"/>
        <Attr Name="UsedIn" Val="simulation"/>
      </FileInfo>
    </File>
    <File Path="$PPRDIR/../../../../3° Período/Circuitos Lógicos/Laboratório 5/priority_encoder.vhd">
      <FileInfo>
        <Attr Name="UsedIn" Val="synthesis"/>
        <Attr Name="UsedIn" Val="simulation"/>
      </FileInfo>
    </File>
    <File Path="$PPRDIR/../../../../3° Período/Circuitos Lógicos/Laboratório 5/toplevel.vhd">
      <FileInfo>
        <Attr Name="UsedIn" Val="synthesis"/>
        <Attr Name="UsedIn" Val="simulation"/>
      </FileInfo>
    </File>
    <Config>
      <Option Name="DesignMode" Val="RTL"/>
      <Option Name="TopModule" Val="toplevel"/>
      <Option Name="TopAutoSet" Val="TRUE"/>
    </Config>
  </FileSet>
  <FileSet Name="constrs_in" Type="Constrs" RelSrcDir="$PSRCDIR/constrs_1">
    <Filter Type="Constrs"/>
    <File Path="$PPRDIR/../../../../3° Período/Circuitos Lógicos/Laboratório 5/Nexys4_DDR_chu.xdc">
      <FileInfo>
        <Attr Name="UsedIn" Val="synthesis"/>
        <Attr Name="UsedIn" Val="implementation"/>
      </FileInfo>
    </File>
    <Config>
      <Option Name="ConstrsType" Val="XDC"/>
    </Config>
  </FileSet>
  <Strategy Version="1" Minor="2">
    <StratHandle Name="Vivado Synthesis Defaults" Flow="Vivado Synthesis 2017">
      <Desc>Vivado Synthesis Defaults</Desc>
    </StratHandle>
    <Step Id="synth_design"/>
  </Strategy>
</GenRun>
